<?xml version="1.0"?>
<!DOCTYPE cookbook SYSTEM "cookbook.dtd">
<cookbook>
<recipe category="italian">
<title>Spaghetti alla Carbonara</title>
<description>This traditional Italian dish is sure to please even the most discriminating critic.</description>
<ingredients>
<ingredient>2 large eggs</ingredient>
<ingredient>4 strips of bacon</ingredient>
<ingredient>1 clove garlic</ingredient>
<ingredient>12 ounces spaghetti</ingredient>
<ingredient>3 tablespoons olive oil</ingredient>
</ingredients>
<process>
<step>Combine oil and bacon in large skillet over medium heat. Cook until bacon is brown and crisp.</step>
<step>Whisk eggs in bowl. Set aside.</step>
<step>Cook pasta in large pot of boiling water to taste, stirring occasionally. Add salt as necessary.</step>
<step>Drain pasta and return to pot, adding whisked eggs. Stir over medium-low heat for 2-3 minutes.</step>
<step>Mix in bacon. Season with salt and pepper to taste.</step>
</process>
</recipe>
</cookbook>